<hibernate-configuration>
 <session-factory>
<property name="hibernate.connection.driver_class">com.mysql.cj.jdbc.Driver</property>
<property name="hibernate.connection.url">jdbc:mysql://localhost:3306/velvetvixen</property>
<property name="hibernate.connection.username">root</property>
<property name="hibernate.connection.password">1234</property>
<property name="hibernate.dialect">org.hibernate.dialect.MySQL5Dialect</property>
<property name="hibernate.current_session_context_class">thread</property>
</session-factory>
</hibernate-configuration>


